Workbook

Sheet Sheet1
A1: Roll no | B1: Name | C1: Maths | D1: Science | E1: History | F1: English | G1: Computer | H1: TINKER | I1: Total | J1: Percentage | K1: Result | L1: DISTINCTION | N1: Topper list | O1: Class
A2: 25070521169 | B2: Adwait | C2: 100 | D2: 100 | E2: 67 | F2: 84 | G2: 85 | H2: A | I2: =SUM(C2:G2) -> 436 | J2: =AVERAGE(C2:G2) -> 87.2 | K2: =IF(AND(C2>=D504>=E504>=F504>=G504>=50,OR(H2="A",H2="B",H2="C")),"PASS","FAIL") -> PASS | L2: =IF(J3>=75,"DISTINCTION","BELOW DISTINCTION") -> DISTINCTION | N2: 1 | O2: =IF(AND(J2>75,J2<100,K2="PASS"),"1ST DIVISION"," ") -> 1ST DIVISION
A3: 25070521171 | B3: Shreyash | C3: 86 | D3: 76 | E3: 87 | F3: 72 | G3: 96 | H3: A | I3: =SUM(C3:G3) -> 417 | J3: =AVERAGE(C3:G3) -> 83.4 | K3: =IF(AND(C3>=D505>=E505>=F505>=G505>=50,OR(H3="A",H3="B",H3="C")),"PASS","FAIL") -> PASS | L3: =IF(J3>=75,"DISTINCTION","BELOW DISTINCTION") -> DISTINCTION | N3: 2 | O3: =IF(AND(J3>75,J3<100,K3="PASS"),"1ST DIVISION"," ") -> 1ST DIVISION
A4: 25070521170 | B4: Om | C4: 77 | D4: 65 | E4: 100 | F4: 100 | G4: 58 | H4: B | I4: =SUM(C4:G4) -> 400 | J4: =AVERAGE(C4:G4) -> 80 | K4: =IF(AND(C4>=D506>=E506>=F506>=G506>=50,OR(H4="A",H4="B",H4="C")),"PASS","FAIL") -> PASS | L4: =IF(J4>=75,"DISTINCTION","BELOW DISTINCTION") -> DISTINCTION | N4: 3 | O4: =IF(AND(J4>75,J4<100,K4="PASS"),"1ST DIVISION"," ") -> 1ST DIVISION
A5: 25070521175 | B5: Aaditya | C5: 65 | D5: 87 | E5: 70 | F5: 64 | G5: 75 | H5: E | I5: =SUM(C5:G5) -> 361 | J5: =AVERAGE(C5:G5) -> 72.2 | K5: =IF(AND(C5>=D507>=E507>=F507>=G507>=50,OR(H5="A",H5="B",H5="C")),"PASS","FAIL") -> FAIL | L5: =IF(J5>=75,"DISTINCTION","BELOW DISTINCTION") -> BELOW DISTINCTION | N5: 4 | O5: =IF(AND(J5>75,J5<100,K5="PASS"),"1ST DIVISION"," ")
A6: 25070521180 | B6: Virat | C6: 100 | D6: 65 | E6: 77 | F6: 65 | G6: 77 | H6: C | I6: =SUM(C6:G6) -> 384 | J6: =AVERAGE(C6:G6) -> 76.8 | K6: =IF(AND(C6>=D508>=E508>=F508>=G508>=50,OR(H6="A",H6="B",H6="C")),"PASS","FAIL") -> PASS | L6: =IF(J6>=75,"DISTINCTION","BELOW DISTINCTION") -> DISTINCTION | N6: 18 | O6: =IF(AND(J6>75,J6<100,K6="PASS"),"1ST DIVISION"," ") -> 1ST DIVISION
A7: 25070521185 | B7: Karan | C7: 82 | D7: 87 | E7: 52 | F7: 74 | G7: 83 | H7: E | I7: =SUM(C7:G7) -> 378 | J7: =AVERAGE(C7:G7) -> 75.6 | K7: =IF(AND(C7>=D509>=E509>=F509>=G509>=50,OR(H7="A",H7="B",H7="C")),"PASS","FAIL") -> FAIL | L7: =IF(J7>=75,"DISTINCTION","BELOW DISTINCTION") -> DISTINCTION | N7: 5 | O7: =IF(AND(J7>75,J7<100,K7="PASS"),"1ST DIVISION"," ")
A8: 25070521172 | B8: Mangaya | C8: 84 | D8: 43 | E8: 80 | F8: 86 | G8: 85 | H8: F | I8: =SUM(C8:G8) -> 378 | J8: =AVERAGE(C8:G8) -> 75.6 | K8: =IF(AND(C8>=D510>=E510>=F510>=G510>=50,OR(H8="A",H8="B",H8="C")),"PASS","FAIL") -> FAIL | L8: =IF(J8>=75,"DISTINCTION","BELOW DISTINCTION") -> DISTINCTION | N8: 6 | O8: =IF(AND(J8>75,J8<100,K8="PASS"),"1ST DIVISION"," ")
A9: 25070521178 | B9: Kanhaiya | C9: 77 | D9: 65 | E9: 73 | F9: 72 | G9: 57 | H9: E | I9: =SUM(C9:G9) -> 344 | J9: =AVERAGE(C9:G9) -> 68.8 | K9: =IF(AND(C9>=D511>=E511>=F511>=G511>=50,OR(H9="A",H9="B",H9="C")),"PASS","FAIL") -> FAIL | L9: =IF(J9>=75,"DISTINCTION","BELOW DISTINCTION") -> BELOW DISTINCTION | N9: 7 | O9: =IF(AND(J9>75,J9<100,K9="PASS"),"1ST DIVISION"," ")
A10: 25070521182 | B10: Arpan | C10: 76 | D10: 77 | E10: 54 | F10: 53 | G10: 74 | H10: B | I10: =SUM(C10:G10) -> 334 | J10: =AVERAGE(C10:G10) -> 66.8 | K10: =IF(AND(C10>=D512>=E512>=F512>=G512>=50,OR(H10="A",H10="B",H10="C")),"PASS","FAIL") -> PASS | L10: =IF(J10>=75,"DISTINCTION","BELOW DISTINCTION") -> BELOW DISTINCTION | N10: 8 | O10: =IF(AND(J10>75,J10<100,K10="PASS"),"1ST DIVISION"," ")
A11: 25070521183 | B11: Raj | C11: 89 | D11: 76 | E11: 43 | F11: 74 | G11: 56 | H11: C | I11: =SUM(C11:G11) -> 338 | J11: =AVERAGE(C11:G11) -> 67.6 | K11: =IF(AND(C11>=D513>=E513>=F513>=G513>=50,OR(H11="A",H11="B",H11="C")),"PASS","FAIL") -> PASS | L11: =IF(J11>=75,"DISTINCTION","BELOW DISTINCTION") -> BELOW DISTINCTION | N11: 9 | O11: =IF(AND(J11>75,J11<100,K11="PASS"),"1ST DIVISION"," ")
A12: 25070521184 | B12: Yash | C12: 74 | D12: 54 | E12: 52 | F12: 93 | G12: 75 | H12: B | I12: =SUM(C12:G12) -> 348 | J12: =AVERAGE(C12:G12) -> 69.6 | K12: =IF(AND(C12>=D514>=E514>=F514>=G514>=50,OR(H12="A",H12="B",H12="C")),"PASS","FAIL") -> PASS | L12: =IF(J12>=75,"DISTINCTION","BELOW DISTINCTION") -> BELOW DISTINCTION | N12: 10 | O12: =IF(AND(J12>75,J12<100,K12="PASS"),"1ST DIVISION"," ")
A13: 25070521173 | B13: Salman | C13: 37 | D13: 76 | E13: 63 | F13: 64 | G13: 85 | H13: E | I13: =SUM(C13:G13) -> 325 | J13: =AVERAGE(C13:G13) -> 65 | K13: =IF(AND(C13>=D515>=E515>=F515>=G515>=50,OR(H13="A",H13="B",H13="C")),"PASS","FAIL") -> FAIL | L13: =IF(J13>=75,"DISTINCTION","BELOW DISTINCTION") -> BELOW DISTINCTION | N13: 11 | O13: =IF(AND(J13>75,J13<100,K13="PASS"),"1ST DIVISION"," ")
A14: 25070521176 | B14: Pranjal | C14: 87 | D14: 54 | E14: 54 | F14: 32 | G14: 96 | H14: B | I14: =SUM(C14:G14) -> 323 | J14: =AVERAGE(C14:G14) -> 64.6 | K14: =IF(AND(C14>=D516>=E516>=F516>=G516>=50,OR(H14="A",H14="B",H14="C")),"PASS","FAIL") -> PASS | L14: =IF(J14>=75,"DISTINCTION","BELOW DISTINCTION") -> BELOW DISTINCTION | N14: 12 | O14: =IF(AND(J14>75,J14<100,K14="PASS"),"1ST DIVISION"," ")
... A19: 25070521182 | B19: Rahul | C19: 4 | D19: 23 | E19: 52 | F19: 75 | G19: 63 | H19: D | I19: =SUM(C19:G19) -> 217 | J19: =AVERAGE(C19:G19) -> 43.4 | K19: =IF(AND(C19>=D521>=E521>=F521>=G521>=50,OR(H19="A",H19="B",H19="C")),"PASS","FAIL") -> FAIL | L19: =IF(J19>=75,"DISTINCTION","BELOW DISTINCTION") -> BELOW DISTINCTION | N19: 17 | O19: =IF(AND(J19>75,J19<100,K19="PASS"),"1ST DIVISION"," ")
L20: =COUNTIF(L2:L19, "DISTINCTION") -> 6
ABE37: z

Sheet Sheet2
A1: Roll no | B1: Name | C1: Total | D1: Result
A2: 25070521169 | B2: =VLOOKUP(A2,Sheet1!A2:N21,2,0) -> Adwait | C2: =VLOOKUP(A2,Sheet1!A2:N21,9,0) -> 436 | D2: =VLOOKUP(A2,Sheet1!A2:N21,11,0) -> PASS
A3: 25070521171 | B3: =VLOOKUP(A3,Sheet1!A3:N22,2,0) -> Shreyash | C3: =VLOOKUP(A3,Sheet1!A3:N22,9,0) -> 417 | D3: =VLOOKUP(A3,Sheet1!A3:N22,11,0) -> PASS
A4: 25070521170 | B4: =VLOOKUP(A4,Sheet1!A4:N23,2,0) -> Om | C4: =VLOOKUP(A4,Sheet1!A4:N23,9,0) -> 400 | D4: =VLOOKUP(A4,Sheet1!A4:N23,11,0) -> PASS
A5: 25070521175 | B5: =VLOOKUP(A5,Sheet1!A5:N24,2,0) -> Aaditya | C5: =VLOOKUP(A5,Sheet1!A5:N24,9,0) -> 361 | D5: =VLOOKUP(A5,Sheet1!A5:N24,11,0) -> FAIL
A6: 25070521180 | B6: =VLOOKUP(A6,Sheet1!A6:N25,2,0) -> Virat | C6: =VLOOKUP(A6,Sheet1!A6:N25,9,0) -> 384 | D6: =VLOOKUP(A6,Sheet1!A6:N25,11,0) -> PASS
A7: 25070521185 | B7: =VLOOKUP(A7,Sheet1!A7:N26,2,0) -> Karan | C7: =VLOOKUP(A7,Sheet1!A7:N26,9,0) -> 378 | D7: =VLOOKUP(A7,Sheet1!A7:N26,11,0) -> FAIL
A8: 25070521172 | B8: =VLOOKUP(A8,Sheet1!A8:N27,2,0) -> Mangaya | C8: =VLOOKUP(A8,Sheet1!A8:N27,9,0) -> 378 | D8: =VLOOKUP(A8,Sheet1!A8:N27,11,0) -> FAIL
A9: 25070521178 | B9: =VLOOKUP(A9,Sheet1!A9:N28,2,0) -> Kanhaiya | C9: =VLOOKUP(A9,Sheet1!A9:N28,9,0) -> 344 | D9: =VLOOKUP(A9,Sheet1!A9:N28,11,0) -> FAIL
A10: 25070521182 | B10: =VLOOKUP(A10,Sheet1!A10:N29,2,0) -> Arpan | C10: =VLOOKUP(A10,Sheet1!A10:N29,9,0) -> 334 | D10: =VLOOKUP(A10,Sheet1!A10:N29,11,0) -> PASS
A11: 25070521183 | B11: =VLOOKUP(A11,Sheet1!A11:N30,2,0) -> Raj | C11: =VLOOKUP(A11,Sheet1!A11:N30,9,0) -> 338 | D11: =VLOOKUP(A11,Sheet1!A11:N30,11,0) -> PASS
A12: 25070521184 | B12: =VLOOKUP(A12,Sheet1!A12:N31,2,0) -> Yash | C12: =VLOOKUP(A12,Sheet1!A12:N31,9,0) -> 348 | D12: =VLOOKUP(A12,Sheet1!A12:N31,11,0) -> PASS
A13: 25070521173 | B13: =VLOOKUP(A13,Sheet1!A13:N32,2,0) -> Salman | C13: =VLOOKUP(A13,Sheet1!A13:N32,9,0) -> 325 | D13: =VLOOKUP(A13,Sheet1!A13:N32,11,0) -> FAIL
... A19: 25070521182 | B19: =VLOOKUP(A19,Sheet1!A19:N38,2,0) -> Rahul | C19: =VLOOKUP(A19,Sheet1!A19:N38,9,0) -> 217 | D19: =VLOOKUP(A19,Sheet1!A19:N38,11,0) -> FAIL
